﻿<?xml version="1.0"?>
<FormsUsers xmlns:xsi="http://www.w3.org/2001/XMLSchema-instance" xmlns:xsd="http://www.w3.org/2001/XMLSchema">
  <!--
  NOTE: Updates to this file should be picked up automatically without having to restart Qlik Web Connectors.
  -->
  <Users>
    <User>
      <Guid>846c7f7a-1b50-4f6d-ac87-3be1976c2364</Guid>
      <UserAccessToken>1h7jh3i6h3o7k</UserAccessToken>
      <Username>admin@yourdomain.com</Username>
      <!--
      Set the PasswordHash element to:
      10000:aCL3scD7W+TkoFHFCC+OuA==:rgYrTME92H/0h7Nd46ArfvzwKXA=      
      In order to be able to login with the password:
      password01.      
      -->
      <PasswordHash>10000:aCL3scD7W+TkoFHFCC+OuA==:rgYrTME92H/0h7Nd46ArfvzwKXA=</PasswordHash>
      <!-- Set as Admin to give users additional functionality in UI, otherwise leave empty. -->
      <Roles>Admin</Roles>
    </User>
    <User>
      <Guid>be75c735-ef8c-40ea-8188-9fc6b2bfaa39</Guid>
      <UserAccessToken>9k8g3j7n3kj6</UserAccessToken>
      <Username>user@yourdomain.com</Username>
      <!-- password01 -->
      <PasswordHash>10000:aCL3scD7W+TkoFHFCC+OuA==:rgYrTME92H/0h7Nd46ArfvzwKXA=</PasswordHash>
    </User>
  </Users>
</FormsUsers>